--
-- ITEMS
--
INSERT INTO items (id, name, description, image_url, category) VALUES (1, 'iPhone 13', 'Apple smartphone with A15 Bionic chip, dual camera system and strong performance.', 'iphone13', 'ELECTRONICS');
INSERT INTO items (id, name, description, image_url, category) VALUES (2, 'Samsung Galaxy S21', 'Flagship Samsung smartphone with AMOLED display and powerful Exynos processor.', 'samsung_galaxy-s21', 'ELECTRONICS');
INSERT INTO items (id, name, description, image_url, category) VALUES (3, 'MacBook Air M1', 'Lightweight Apple laptop with M1 chip, long battery life and silent operation.', 'apple-macbook-air-m1', 'ELECTRONICS');
INSERT INTO items (id, name, description, image_url, category) VALUES (4, 'Dell XPS 13 Laptop', 'Premium ultrabook with compact design, high resolution display and strong performance.', 'dell-xps-13', 'ELECTRONICS');
INSERT INTO items (id, name, description, image_url, category) VALUES (5, 'Sony WH-1000XM4 Headphones', 'Wireless noise cancelling headphones with excellent sound quality.', 'sony-wh-1000xm4', 'ELECTRONICS');
INSERT INTO items (id, name, description, image_url, category) VALUES (6, 'Apple Watch Series 7', 'Smartwatch with health tracking, GPS and seamless iPhone integration.', 'apple-watch-7', 'ELECTRONICS');
INSERT INTO items (id, name, description, image_url, category) VALUES (7, 'PlayStation 5 Console', 'Next-gen gaming console with fast SSD and stunning graphics performance.', 'ps5', 'ELECTRONICS');
INSERT INTO items (id, name, description, image_url, category) VALUES (8, 'Xbox Series X', 'Microsoft gaming console with powerful hardware and 4K gaming support.', 'xbox-series-x', 'ELECTRONICS');
INSERT INTO items (id, name, description, image_url, category) VALUES (9, 'Nintendo Switch OLED', 'Portable gaming console with OLED screen and versatile play modes.', 'nintendo', 'ELECTRONICS');
INSERT INTO items (id, name, description, image_url, category) VALUES (10, 'GoPro Hero 11', 'Action camera for capturing high quality video in extreme conditions.', 'gopro-11', 'ELECTRONICS');

--INSERT INTO items (id, name, description) VALUES (11, 'Canon EOS 250D Camera', 'Compact DSLR camera ideal for beginners with great image quality.');
--INSERT INTO items (id, name, description) VALUES (12, 'Nikon D3500 DSLR', 'Entry level DSLR with reliable performance and excellent battery life.');
--INSERT INTO items (id, name, description) VALUES (13, 'DJI Mini 3 Drone', 'Lightweight drone with 4K camera and long flight time.');
--INSERT INTO items (id, name, description) VALUES (14, 'Logitech MX Master 3 Mouse', 'Ergonomic wireless mouse designed for productivity and precision.');
--INSERT INTO items (id, name, description) VALUES (15, 'Mechanical Gaming Keyboard', 'Durable keyboard with mechanical switches and RGB lighting.');
--INSERT INTO items (id, name, description) VALUES (16, 'Samsung 4K Monitor 27\"', 'High resolution 4K monitor with vivid colors and sharp details.');
--INSERT INTO items (id, name, description) VALUES (17, 'LG Ultrawide Monitor', 'Wide screen monitor ideal for multitasking and immersive experience.');
--INSERT INTO items (id, name, description) VALUES (18, 'iPad Air 5th Gen', 'Powerful tablet with M1 chip and lightweight design.');
--INSERT INTO items (id, name, description) VALUES (19, 'Kindle Paperwhite', 'E-reader with high resolution display and long battery life.');
--INSERT INTO items (id, name, description) VALUES (20, 'Bose SoundLink Speaker', 'Portable Bluetooth speaker with rich and clear sound.');

INSERT INTO items (id, name, description, image_url, category) VALUES (21, 'Electric Scooter Xiaomi', 'Urban electric scooter with good range and foldable design.', 'xiaomi-scooter', 'VEHICLE');
INSERT INTO items (id, name, description, image_url, category) VALUES (22, 'Mountain Bike Trek Marlin 7', 'Durable mountain bike suitable for trails and off-road riding.', 'mountain-bike', 'VEHICLE');
INSERT INTO items (id, name, description, image_url, category) VALUES (23, 'Road Bike Specialized Allez', 'Lightweight road bike designed for speed and efficiency.', 'road-bike', 'VEHICLE');
INSERT INTO items (id, name, description, image_url, category) VALUES (24, 'Fitness Smartwatch Garmin', 'Advanced fitness watch with GPS and health tracking features.', 'garmin-smartwatch', 'ACCESSORY');
INSERT INTO items (id, name, description, image_url, category) VALUES (25, 'Adjustable Dumbbell Set', 'Compact weight set ideal for home workouts.', 'adjustable-dumbbell', 'ACCESSORY');
INSERT INTO items (id, name, description, image_url, category) VALUES (26, 'Treadmill Home Use', 'Foldable treadmill suitable for indoor running and walking.', 'treadmill-home', 'ACCESSORY');
INSERT INTO items (id, name, description, image_url, category) VALUES (27, 'Football Adidas Match Ball', 'Official size football designed for match play.', 'adidas-ball', 'ACCESSORY');
INSERT INTO items (id, name, description, image_url, category) VALUES (28, 'Squash Racket Head Pro', 'Professional squash racket with lightweight frame.', 'squash-racket', 'ACCESSORY');
INSERT INTO items (id, name, description, image_url, category) VALUES (29, 'Tennis Racket Wilson Blade', 'High performance tennis racket for advanced players.', 'tennis-racket', 'ACCESSORY');
INSERT INTO items (id, name, description, image_url, category) VALUES (30, 'Yoga Mat Premium', 'Non-slip yoga mat for comfort and stability.', 'yoga-mat', 'ACCESSORY');

--INSERT INTO items (id, name, description) VALUES (31, 'Office Chair Ergonomic', 'Comfortable office chair with adjustable support.');
--INSERT INTO items (id, name, description) VALUES (32, 'Standing Desk Adjustable', 'Height adjustable desk for healthier working posture.');
--INSERT INTO items (id, name, description) VALUES (33, 'LED Desk Lamp', 'Energy efficient desk lamp with adjustable brightness.');
--INSERT INTO items (id, name, description) VALUES (34, 'Bookshelf Wooden Modern', 'Modern wooden bookshelf with multiple storage levels.');
--INSERT INTO items (id, name, description) VALUES (35, 'Coffee Machine DeLonghi', 'Automatic coffee machine for espresso and cappuccino.');
--INSERT INTO items (id, name, description) VALUES (36, 'Air Fryer Philips', 'Kitchen appliance for healthy frying with little oil.');
--INSERT INTO items (id, name, description) VALUES (37, 'Robot Vacuum Xiaomi', 'Smart vacuum cleaner with app control and mapping.');
--INSERT INTO items (id, name, description) VALUES (38, 'Smart TV Samsung 55\"', '4K smart television with streaming apps and HDR support.');
--INSERT INTO items (id, name, description) VALUES (39, 'Bluetooth Soundbar LG', 'Soundbar with wireless connectivity and deep bass.');
--INSERT INTO items (id, name, description) VALUES (40, 'Gaming Chair RGB', 'Ergonomic gaming chair with RGB lighting.');
--
--INSERT INTO items (id, name, description) VALUES (41, 'Leather Jacket Black', 'Stylish black leather jacket for casual wear.');
--INSERT INTO items (id, name, description) VALUES (42, 'Running Shoes Nike Air Zoom', 'Lightweight running shoes with responsive cushioning.');
--INSERT INTO items (id, name, description) VALUES (43, 'Winter Coat North Face', 'Warm winter coat designed for cold weather conditions.');
--INSERT INTO items (id, name, description) VALUES (44, 'Backpack Travel 40L', 'Spacious travel backpack suitable for short trips.');
--INSERT INTO items (id, name, description) VALUES (45, 'Sunglasses Ray-Ban', 'Classic sunglasses with UV protection.');
--INSERT INTO items (id, name, description) VALUES (46, 'Smart Ring Fitness Tracker', 'Compact wearable device for tracking health metrics.');
--INSERT INTO items (id, name, description) VALUES (47, 'Portable Power Bank 20000mAh', 'High capacity power bank for charging devices on the go.');
--INSERT INTO items (id, name, description) VALUES (48, 'Wireless Charger Fast', 'Fast wireless charging pad for compatible devices.');
--INSERT INTO items (id, name, description) VALUES (49, 'External SSD 1TB Samsung', 'High speed portable SSD with large storage capacity.');
--INSERT INTO items (id, name, description) VALUES (50, 'USB-C Hub Multiport', 'Multiport adapter for connecting multiple devices.');
--
--INSERT INTO items (id, name, description) VALUES (51, 'Electric Guitar Fender Stratocaster', 'Iconic electric guitar with versatile sound.');
--INSERT INTO items (id, name, description) VALUES (52, 'Acoustic Guitar Yamaha', 'High quality acoustic guitar for beginners and pros.');
--INSERT INTO items (id, name, description) VALUES (53, 'Digital Piano Roland', 'Digital piano with realistic key feel and sound.');
--INSERT INTO items (id, name, description) VALUES (54, 'Studio Microphone Blue Yeti', 'USB microphone ideal for streaming and recording.');
--INSERT INTO items (id, name, description) VALUES (55, 'Gaming PC RTX 4070', 'High end gaming PC with powerful GPU for modern games.');
--INSERT INTO items (id, name, description) VALUES (56, 'Graphics Card RTX 3060', 'GPU suitable for gaming and creative workloads.');
--INSERT INTO items (id, name, description) VALUES (57, 'CPU AMD Ryzen 7', 'High performance processor for multitasking and gaming.');
--INSERT INTO items (id, name, description) VALUES (58, 'Motherboard ASUS Gaming', 'Gaming motherboard with advanced connectivity features.');
--INSERT INTO items (id, name, description) VALUES (59, 'RAM 32GB DDR5', 'Fast memory module for high performance systems.');
--INSERT INTO items (id, name, description) VALUES (60, 'Gaming Monitor 240Hz', 'High refresh rate monitor for competitive gaming.');

--
-- USERS
--
INSERT INTO users (username, email, password, created_at, avatar_url)
VALUES ('Gerike', 'erdosgergo98@gmail.com', '$2a$10$YlG6SN0M.B7IUTAcL9lQQeBSJruhGgqn0LohqVYYKGmrasZnPT3xe', CURRENT_TIMESTAMP, 'avatar1');
INSERT INTO users (username, email, password, created_at, avatar_url)
VALUES ('Pityuka', 'erdosgergo99@gmail.com', '$2a$10$YlG6SN0M.B7IUTAcL9lQQeBSJruhGgqn0LohqVYYKGmrasZnPT3xe', CURRENT_TIMESTAMP, 'avatar2');
INSERT INTO users (username, email, password, created_at, avatar_url)
VALUES ('Janda', 'janda@gmail.com', '$2a$10$YlG6SN0M.B7IUTAcL9lQQeBSJruhGgqn0LohqVYYKGmrasZnPT3xe', CURRENT_TIMESTAMP, 'avatar3');
INSERT INTO users (username, email, password, created_at, avatar_url)
VALUES ('Yasuo', 'yasuo@gmail.com', '$2a$10$YlG6SN0M.B7IUTAcL9lQQeBSJruhGgqn0LohqVYYKGmrasZnPT3xe', CURRENT_TIMESTAMP, 'avatar4');

--
-- AUCTIONS
--
INSERT INTO auctions (id, item_id, start_date_time, end_date_time, starting_price_huf, current_price_huf, seller_id, bidder_id) VALUES (1, 1, '2026-04-17T10:00:00', '2026-05-06T20:00:00', 10000, 10000, 1, 2);
INSERT INTO auctions (id, item_id, start_date_time, end_date_time, starting_price_huf, current_price_huf, seller_id, bidder_id) VALUES (2, 2, '2026-04-17T12:00:00', '2026-04-20T20:00:00', 10000, 10000, 1, 3);
INSERT INTO auctions (id, item_id, start_date_time, end_date_time, starting_price_huf, current_price_huf, seller_id, bidder_id) VALUES (3, 3, '2026-04-17T11:00:00', '2026-05-08T12:00:00', 10000, 10000, 2, 3);
INSERT INTO auctions (id, item_id, start_date_time, end_date_time, starting_price_huf, current_price_huf, seller_id, bidder_id) VALUES (4, 4, '2026-05-17T16:00:00', '2026-05-20T13:00:00', 10000, 10000, 1, 2);
INSERT INTO auctions (id, item_id, start_date_time, end_date_time, starting_price_huf, current_price_huf, seller_id, bidder_id) VALUES (5, 5, '2026-04-17T18:00:00', '2026-05-06T17:00:00', 10000, 10000, 2, 4);
INSERT INTO auctions (id, item_id, start_date_time, end_date_time, starting_price_huf, current_price_huf, seller_id, bidder_id) VALUES (6, 6, '2026-04-17T10:00:00', '2026-04-20T22:00:00', 10000, 10000, 1, 4);
INSERT INTO auctions (id, item_id, start_date_time, end_date_time, starting_price_huf, current_price_huf, seller_id, bidder_id) VALUES (7, 7, '2026-04-17T18:00:00', '2026-05-20T20:00:00', 10000, 10000, 4, 1);
INSERT INTO auctions (id, item_id, start_date_time, end_date_time, starting_price_huf, current_price_huf, seller_id, bidder_id) VALUES (21, 21, '2026-04-17T10:00:00', '2026-05-20T18:00:00', 10000, 10000, 1, 3);
INSERT INTO auctions (id, item_id, start_date_time, end_date_time, starting_price_huf, current_price_huf, seller_id, bidder_id) VALUES (22, 22, '2026-04-17T12:00:00', '2026-05-20T20:00:00', 10000, 10000, 3, 2);
INSERT INTO auctions (id, item_id, start_date_time, end_date_time, starting_price_huf, current_price_huf, seller_id, bidder_id) VALUES (23, 23, '2026-04-17T11:00:00', '2026-04-20T12:00:00', 10000, 10000, 3, 1);
INSERT INTO auctions (id, item_id, start_date_time, end_date_time, starting_price_huf, current_price_huf, seller_id, bidder_id) VALUES (24, 24, '2026-04-17T16:00:00', '2026-05-20T13:00:00', 10000, 10000, 4, 1);
INSERT INTO auctions (id, item_id, start_date_time, end_date_time, starting_price_huf, current_price_huf, seller_id, bidder_id) VALUES (25, 25, '2026-04-17T18:00:00', '2026-04-20T18:00:00', 10000, 10000, 2, 4);
INSERT INTO auctions (id, item_id, start_date_time, end_date_time, starting_price_huf, current_price_huf, seller_id, bidder_id) VALUES (26, 26, '2026-04-17T10:00:00', '2026-04-20T22:00:00', 10000, 10000, 1, 4);
INSERT INTO auctions (id, item_id, start_date_time, end_date_time, starting_price_huf, current_price_huf, seller_id, bidder_id) VALUES (27, 27, '2026-04-17T18:00:00', '2026-05-20T20:00:00', 10000, 10000, 4, 3);
INSERT INTO auctions (id, item_id, start_date_time, end_date_time, starting_price_huf, current_price_huf, seller_id, bidder_id) VALUES (28, 28, '2026-04-17T18:00:00', '2026-05-20T20:00:00', 10000, 10000, 1, 2);
INSERT INTO auctions (id, item_id, start_date_time, end_date_time, starting_price_huf, current_price_huf, seller_id, bidder_id) VALUES (29, 29, '2026-04-17T18:00:00', '2026-04-20T20:00:00', 10000, 10000, 2, 1);
INSERT INTO auctions (id, item_id, start_date_time, end_date_time, starting_price_huf, current_price_huf, seller_id, bidder_id) VALUES (30, 30, '2026-04-17T18:00:00', '2026-04-20T20:00:00', 10000, 10000, 3, 2);